1,2018.12.19.12.52.55, ff73195fa2b02d8a0a735ea7136d230c_v9732475291_volunteer_50_4.diff,Diff,v9732475291,volunteer, 9732475291, 370
1,2018.12.19.12.52.55, ff73195fa2b02d8a0a735ea7136d230c_v9732475291_volunteer_50_3.diff,Diff,v9732475291,volunteer, 9732475291, 317
1,2018.12.19.12.52.55, pub_9732475291.bgp,Security,9732475291,..........., 9732475291, 313
1,2018.12.19.12.52.56, ff73195fa2b02d8a0a735ea7136d230c_v9732475291_volunteer_50_333716e53ab00081.jpeg,Image,v9732475291,volunteer, 9732475291, 202864
1,2018.12.19.12.58.16, ff73195fa2b02d8a0a735ea7136d230c_v9732475291_volunteer_50_9.diff,Diff,v9732475291,volunteer, DB2, 699
1,2018.12.19.12.58.16, ff73195fa2b02d8a0a735ea7136d230c_v9732475291_volunteer_50_1.diff,Diff,v9732475291,volunteer, DB2, 171
1,2018.12.19.12.58.17, telocation.idf,...........,...........,..........., DB2, 3379034
1,2018.12.19.12.58.21, pinyinindex.idf,...........,...........,..........., DB2, 54199
1,2018.12.19.12.58.21, ff73195fa2b02d8a0a735ea7136d230c_v9732475291_volunteer_50_ac17c78cd480abba.jpeg,Image,v9732475291,volunteer, DB2, 274338
1,2018.12.19.12.58.37, ff73195fa2b02d8a0a735ea7136d230c_v9732475291_volunteer_50.bgp,Security,volunteer,..........., DB2, 841
1,2018.12.19.12.58.37, ff73195fa2b02d8a0a735ea7136d230c_v9732475291_volunteer_50_ce2641ecaf314e7.jpeg,Image,v9732475291,volunteer, DB2, 269500
1,2018.12.19.12.58.37, operators.dat,...........,...........,..........., DB2, 686
1,2018.12.19.12.58.57, huangli.idf,...........,...........,..........., DB2, 206261
1,2018.12.19.12.58.57, ff73195fa2b02d8a0a735ea7136d230c_v9732475291_volunteer_50_2.diff,Diff,v9732475291,volunteer, DB2, 257
1,2018.12.19.12.58.57, ff73195fa2b02d8a0a735ea7136d230c_v9732475291_volunteer_50_8.diff,Diff,v9732475291,volunteer, DB2, 631
1,2018.12.19.12.59.17, tel_uniqid_len8.dat,...........,...........,..........., DB2, 119
1,2018.12.19.13.02.12, ff73195fa2b02d8a0a735ea7136d230c_v9732475291_volunteer_50_7.diff,Diff,v9732475291,volunteer, DB2, 571
1,2018.12.19.13.02.12, xiaomi_mobile.dat,...........,mobile,..........., DB2, 3402
1,2018.12.19.13.02.12, ff73195fa2b02d8a0a735ea7136d230c_v9732475291_volunteer_50_8c5cf5a38a493e77.jpeg,Image,v9732475291,volunteer, DB2, 252566
1,2018.12.19.13.02.37, ff73195fa2b02d8a0a735ea7136d230c_v9732475291_volunteer_50_5.diff,Diff,v9732475291,volunteer, DB2, 444
1,2018.12.19.13.02.37, ff73195fa2b02d8a0a735ea7136d230c_v9732475291_volunteer_50_6.diff,Diff,v9732475291,volunteer, DB2, 506
1,2018.12.19.13.02.52, ff73195fa2b02d8a0a735ea7136d230c_v9732475291_volunteer_50_c6d76c9c5ecfab39.jpeg,Image,v9732475291,volunteer, DB2, 254228
1,2018.12.19.13.02.52, ff73195fa2b02d8a0a735ea7136d230c_v9732475291_volunteer_50_278f1ed7dceabea.jpeg,Image,v9732475291,volunteer, DB2, 255920
1,2018.12.19.13.15.33, pub_9678961360.bgp,Security,9678961360,..........., DB2, 313
1,2018.12.19.13.15.33, cd7832219f1daf3945e8c6d6275124a8_v7384656641_volunteer_50_2.diff,Diff,v7384656641,volunteer, DB2, 349
1,2018.12.19.13.15.38, ff73195fa2b02d8a0a735ea7136d230c_v9732475291_volunteer_50_fb52951a3c454348.jpeg,Image,v9732475291,volunteer, DB2, 227116
1,2018.12.19.13.15.38, d7ea7f12e16288178f7d81175f4353e8_v7583967304_volunteer_50_11.diff,Diff,v7583967304,volunteer, DB2, 1033
1,2018.12.19.13.15.38, ff73195fa2b02d8a0a735ea7136d230c_v9732475291_volunteer_50_1780dbe8a97fd0cc.jpeg,Image,v9732475291,volunteer, DB2, 244124
2,2018.12.19.13.29.00, c13a8a50fa5126fe819acf51d309da55_v9547142067_volunteer_50_35.diff,Diff,v9547142067,volunteer, 7876044546, 3000
2,2018.12.19.13.29.00, b417d39813a651ab9a82e21c5686edc9_v7876044546_volunteer_50_22.diff,Diff,v7876044546,volunteer, 7876044546, 2275
2,2018.12.19.13.29.00, MapDisarm_Log_9547142067_20181219131840.txt,Text,9547142067,..........., 7876044546, 422934
2,2018.12.19.13.29.00, c13a8a50fa5126fe819acf51d309da55_v9547142067_volunteer_50_3.diff,Diff,v9547142067,volunteer, 7876044546, 439
2,2018.12.19.13.29.28, b417d39813a651ab9a82e21c5686edc9_v7876044546_volunteer_50_17.diff,Diff,v7876044546,volunteer, DB1, 1877
2,2018.12.19.13.29.28, c13a8a50fa5126fe819acf51d309da55_v9547142067_volunteer_50_c4b3987597edcb93.png,Map,v9547142067,volunteer, DB1, 43271
2,2018.12.19.13.29.28, c13a8a50fa5126fe819acf51d309da55_v9547142067_volunteer_50_a5b8bb8cfd97a5c6.png,Map,v9547142067,volunteer, DB1, 58966
2,2018.12.19.13.29.28, MapDisarm_Log_7876044546_20181219132307.txt,Text,7876044546,..........., DB1, 614144
2,2018.12.19.13.29.28, MapDisarm_Log_9547142067_20181219132529.txt,Text,9547142067,..........., DB1, 431590
2,2018.12.19.13.29.53, b417d39813a651ab9a82e21c5686edc9_v7876044546_volunteer_50_55f13e2295fcd353.jpeg,Image,v7876044546,volunteer, DB1, 261158
2,2018.12.19.13.29.53, c13a8a50fa5126fe819acf51d309da55_v9547142067_volunteer_50_26.diff,Diff,v9547142067,volunteer, DB1, 2254
2,2018.12.19.13.29.53, c13a8a50fa5126fe819acf51d309da55_v9547142067_volunteer_50_33.diff,Diff,v9547142067,volunteer, DB1, 2821
2,2018.12.19.13.29.53, c13a8a50fa5126fe819acf51d309da55_v9547142067_volunteer_50_1e5f11ebaf3d4b35.jpeg,Image,v9547142067,volunteer, DB1, 295292
2,2018.12.19.13.29.53, c13a8a50fa5126fe819acf51d309da55_v9547142067_volunteer_50.bgp,Security,volunteer,..........., DB1, 508
2,2018.12.19.13.30.13, b417d39813a651ab9a82e21c5686edc9_v7876044546_volunteer_50_16.diff,Diff,v7876044546,volunteer, DB1, 1716
2,2018.12.19.13.30.13, c13a8a50fa5126fe819acf51d309da55_v9547142067_volunteer_50_d1b0e2f07e3ebac6.png,Map,v9547142067,volunteer, DB1, 61945
2,2018.12.19.13.30.13, b417d39813a651ab9a82e21c5686edc9_v7876044546_volunteer_50_15.diff,Diff,v7876044546,volunteer, DB1, 1647
2,2018.12.19.13.30.13, b417d39813a651ab9a82e21c5686edc9_v7876044546_volunteer_50_23.diff,Diff,v7876044546,volunteer, DB1, 2331
2,2018.12.19.13.30.13, b417d39813a651ab9a82e21c5686edc9_v7876044546_volunteer_50_2d941a10b7deec6f.png,Map,v7876044546,volunteer, DB1, 22311
2,2018.12.19.13.31.33, c13a8a50fa5126fe819acf51d309da55_v9547142067_volunteer_50_12.diff,Diff,v9547142067,volunteer, DB1, 1110
2,2018.12.19.13.31.33, b417d39813a651ab9a82e21c5686edc9_v7876044546_volunteer_50_884fdaf2d1715d3c.jpeg,Image,v7876044546,volunteer, DB1, 280541
2,2018.12.19.13.31.33, c13a8a50fa5126fe819acf51d309da55_v9547142067_volunteer_50_7.diff,Diff,v9547142067,volunteer, DB1, 759
2,2018.12.19.13.31.33, c13a8a50fa5126fe819acf51d309da55_v9547142067_volunteer_50_13.diff,Diff,v9547142067,volunteer, DB1, 1225
2,2018.12.19.13.31.33, c13a8a50fa5126fe819acf51d309da55_v9547142067_volunteer_50_2d3216b834c53da4.png,Map,v9547142067,volunteer, DB1, 43339
2,2018.12.19.13.31.38, pub_9547142067.bgp,Security,9547142067,..........., DB1, 313
2,2018.12.19.13.31.38, b417d39813a651ab9a82e21c5686edc9_v7876044546_volunteer_50_5.diff,Diff,v7876044546,volunteer, DB1, 622
2,2018.12.19.13.31.38, c13a8a50fa5126fe819acf51d309da55_v9547142067_volunteer_50_65ceb6def7df7ee3.png,Map,v9547142067,volunteer, DB1, 42620
2,2018.12.19.13.31.38, c13a8a50fa5126fe819acf51d309da55_v9547142067_volunteer_50_c5b901a5ed8fc266.jpeg,Image,v9547142067,volunteer, DB1, 247307
2,2018.12.19.13.31.38, c13a8a50fa5126fe819acf51d309da55_v9547142067_volunteer_50_1.diff,Diff,v9547142067,volunteer, DB1, 188
2,2018.12.19.13.31.58, c13a8a50fa5126fe819acf51d309da55_v9547142067_volunteer_50_39.diff,Diff,v9547142067,volunteer, DB1, 3312
2,2018.12.19.13.31.58, c13a8a50fa5126fe819acf51d309da55_v9547142067_volunteer_50_17.diff,Diff,v9547142067,volunteer, DB1, 1536
2,2018.12.19.13.31.58, b417d39813a651ab9a82e21c5686edc9_v7876044546_volunteer_50_20.diff,Diff,v7876044546,volunteer, DB1, 2063
2,2018.12.19.13.31.58, c13a8a50fa5126fe819acf51d309da55_v9547142067_volunteer_50_9c5e8a40d175e337.png,Map,v9547142067,volunteer, DB1, 43452
2,2018.12.19.13.31.58, c13a8a50fa5126fe819acf51d309da55_v9547142067_volunteer_50_21.diff,Diff,v9547142067,volunteer, DB1, 1899
2,2018.12.19.13.32.18, c13a8a50fa5126fe819acf51d309da55_v9547142067_volunteer_50_22.diff,Diff,v9547142067,volunteer, DB1, 1968
2,2018.12.19.13.32.18, b417d39813a651ab9a82e21c5686edc9_v7876044546_volunteer_50_11.diff,Diff,v7876044546,volunteer, DB1, 1285
2,2018.12.19.13.32.18, c13a8a50fa5126fe819acf51d309da55_v9547142067_volunteer_50_32.diff,Diff,v9547142067,volunteer, DB1, 2750
2,2018.12.19.13.32.18, c13a8a50fa5126fe819acf51d309da55_v9547142067_volunteer_50_d1197054a64c33a8.jpeg,Image,v9547142067,volunteer, DB1, 246761
2,2018.12.19.13.32.18, c13a8a50fa5126fe819acf51d309da55_v9547142067_volunteer_50_9.diff,Diff,v9547142067,volunteer, DB1, 921
2,2018.12.19.13.32.45, c13a8a50fa5126fe819acf51d309da55_v9547142067_volunteer_50_36.diff,Diff,v9547142067,volunteer, DB1, 3063
2,2018.12.19.13.32.45, b417d39813a651ab9a82e21c5686edc9_v7876044546_volunteer_50_14.diff,Diff,v7876044546,volunteer, DB1, 1477
2,2018.12.19.13.32.45, b417d39813a651ab9a82e21c5686edc9_v7876044546_volunteer_50_2d040486f300c52e.png,Map,v7876044546,volunteer, DB1, 52595
2,2018.12.19.13.32.45, c13a8a50fa5126fe819acf51d309da55_v9547142067_volunteer_50_27.diff,Diff,v9547142067,volunteer, DB1, 2336
2,2018.12.19.13.32.45, c13a8a50fa5126fe819acf51d309da55_v9547142067_volunteer_50_41.diff,Diff,v9547142067,volunteer, DB1, 3490
2,2018.12.19.13.32.55, b417d39813a651ab9a82e21c5686edc9_v7876044546_volunteer_50_604668f0ad669bd0.png,Map,v7876044546,volunteer, DB1, 33288
2,2018.12.19.13.32.55, b417d39813a651ab9a82e21c5686edc9_v7876044546_volunteer_50_c959b11236b79c01.jpeg,Image,v7876044546,volunteer, DB1, 282809
2,2018.12.19.13.32.55, b417d39813a651ab9a82e21c5686edc9_v7876044546_volunteer_50_8f2e9939ae325d5c.png,Map,v7876044546,volunteer, DB1, 34686
2,2018.12.19.13.32.55, c13a8a50fa5126fe819acf51d309da55_v9547142067_volunteer_50_195f61e1c5ecd058.png,Map,v9547142067,volunteer, DB1, 63444
2,2018.12.19.13.32.55, c13a8a50fa5126fe819acf51d309da55_v9547142067_volunteer_50_18.diff,Diff,v9547142067,volunteer, DB1, 1594
2,2018.12.19.13.33.15, c13a8a50fa5126fe819acf51d309da55_v9547142067_volunteer_50_37.diff,Diff,v9547142067,volunteer, DB1, 3152
2,2018.12.19.13.33.15, b417d39813a651ab9a82e21c5686edc9_v7876044546_volunteer_50_1.diff,Diff,v7876044546,volunteer, DB1, 296
2,2018.12.19.13.33.15, c13a8a50fa5126fe819acf51d309da55_v9547142067_volunteer_50_c97e23021657da10.png,Map,v9547142067,volunteer, DB1, 43456
2,2018.12.19.13.33.15, c13a8a50fa5126fe819acf51d309da55_v9547142067_volunteer_50_9a151923585addf7.png,Map,v9547142067,volunteer, DB1, 42921
2,2018.12.19.13.33.15, b417d39813a651ab9a82e21c5686edc9_v7876044546_volunteer_50_21.diff,Diff,v7876044546,volunteer, DB1, 2113
2,2018.12.19.13.34.01, b417d39813a651ab9a82e21c5686edc9_v7876044546_volunteer_50_b4b8b55810c28fce.png,Map,v7876044546,volunteer, DB1, 37229
2,2018.12.19.13.34.01, c13a8a50fa5126fe819acf51d309da55_v9547142067_volunteer_50_2.diff,Diff,v9547142067,volunteer, DB1, 299
2,2018.12.19.13.34.01, b417d39813a651ab9a82e21c5686edc9_v7876044546_volunteer_50_9.diff,Diff,v7876044546,volunteer, DB1, 924
2,2018.12.19.13.34.01, c13a8a50fa5126fe819acf51d309da55_v9547142067_volunteer_50_8.diff,Diff,v9547142067,volunteer, DB1, 783
2,2018.12.19.13.34.01, c13a8a50fa5126fe819acf51d309da55_v9547142067_volunteer_50_16d9e4d8837fc826.png,Map,v9547142067,volunteer, DB1, 43516
2,2018.12.19.13.34.16, c13a8a50fa5126fe819acf51d309da55_v9547142067_volunteer_50_29.diff,Diff,v9547142067,volunteer, DB1, 2519
2,2018.12.19.13.34.16, b417d39813a651ab9a82e21c5686edc9_v7876044546_volunteer_50_12.diff,Diff,v7876044546,volunteer, DB1, 1353
2,2018.12.19.13.34.16, c13a8a50fa5126fe819acf51d309da55_v9547142067_volunteer_50_b840ce493f1c2ed6.jpeg,Image,v9547142067,volunteer, DB1, 269338
2,2018.12.19.13.34.16, b417d39813a651ab9a82e21c5686edc9_v7876044546_volunteer_50_10.diff,Diff,v7876044546,volunteer, DB1, 988
2,2018.12.19.13.34.18, c13a8a50fa5126fe819acf51d309da55_v9547142067_volunteer_50_dab289c20a4575a.mp4,Video,v9547142067,volunteer, DB1, 16838445
2,2018.12.19.13.34.36, c13a8a50fa5126fe819acf51d309da55_v9547142067_volunteer_50_de107e1e3cdf26ca.jpeg,Image,v9547142067,volunteer, DB1, 276984
2,2018.12.19.13.34.36, c13a8a50fa5126fe819acf51d309da55_v9547142067_volunteer_50_38.diff,Diff,v9547142067,volunteer, DB1, 3255
2,2018.12.19.13.34.36, c13a8a50fa5126fe819acf51d309da55_v9547142067_volunteer_50_28.diff,Diff,v9547142067,volunteer, DB1, 2447
2,2018.12.19.13.34.36, b417d39813a651ab9a82e21c5686edc9_v7876044546_volunteer_50_4.diff,Diff,v7876044546,volunteer, DB1, 501
2,2018.12.19.13.34.36, c13a8a50fa5126fe819acf51d309da55_v9547142067_volunteer_50_40.diff,Diff,v9547142067,volunteer, DB1, 3377
2,2018.12.19.13.34.56, pub_7876044546.bgp,Security,7876044546,..........., DB1, 313
2,2018.12.19.13.34.56, b417d39813a651ab9a82e21c5686edc9_v7876044546_volunteer_50_5dc1d83d36683bf7.png,Map,v7876044546,volunteer, DB1, 25296
2,2018.12.19.13.34.56, c13a8a50fa5126fe819acf51d309da55_v9547142067_volunteer_50_3ae228571df4be81.png,Map,v9547142067,volunteer, DB1, 42782
2,2018.12.19.13.34.56, b417d39813a651ab9a82e21c5686edc9_v7876044546_volunteer_50_b8b4452704522027.png,Map,v7876044546,volunteer, DB1, 38343
2,2018.12.19.13.34.56, b417d39813a651ab9a82e21c5686edc9_v7876044546_volunteer_50_3.diff,Diff,v7876044546,volunteer, DB1, 436
2,2018.12.19.13.35.16, c13a8a50fa5126fe819acf51d309da55_v9547142067_volunteer_50_4.diff,Diff,v9547142067,volunteer, DB1, 474
2,2018.12.19.13.35.16, b417d39813a651ab9a82e21c5686edc9_v7876044546_volunteer_50_1dde66acf6fa66d2.jpeg,Image,v7876044546,volunteer, DB1, 301631
2,2018.12.19.13.35.16, b417d39813a651ab9a82e21c5686edc9_v7876044546_volunteer_50_a992a6f79cf0390f.jpeg,Image,v7876044546,volunteer, DB1, 253970
2,2018.12.19.13.35.16, c13a8a50fa5126fe819acf51d309da55_v9547142067_volunteer_50_ec3af91688839b29.png,Map,v9547142067,volunteer, DB1, 43828
2,2018.12.19.13.35.16, c13a8a50fa5126fe819acf51d309da55_v9547142067_volunteer_50_22cf15d642a0165b.jpeg,Image,v9547142067,volunteer, DB1, 231617
2,2018.12.19.13.38.16, c13a8a50fa5126fe819acf51d309da55_v9547142067_volunteer_50_23.diff,Diff,v9547142067,volunteer, DB1, 2022
2,2018.12.19.13.38.16, b417d39813a651ab9a82e21c5686edc9_v7876044546_volunteer_50_4bd36cdbfdbddcf4.jpeg,Image,v7876044546,volunteer, DB1, 281618
2,2018.12.19.13.38.16, c13a8a50fa5126fe819acf51d309da55_v9547142067_volunteer_50_31.diff,Diff,v9547142067,volunteer, DB1, 2646
2,2018.12.19.13.38.16, c13a8a50fa5126fe819acf51d309da55_v9547142067_volunteer_50_19.diff,Diff,v9547142067,volunteer, DB1, 1702
2,2018.12.19.13.38.16, c13a8a50fa5126fe819acf51d309da55_v9547142067_volunteer_50_7cfda4b3b99b132d.png,Map,v9547142067,volunteer, DB1, 63463
2,2018.12.19.13.38.26, c13a8a50fa5126fe819acf51d309da55_v9547142067_volunteer_50_7ad9ade7d0debe.jpeg,Image,v9547142067,volunteer, DB1, 232112
2,2018.12.19.13.38.26, c13a8a50fa5126fe819acf51d309da55_v9547142067_volunteer_50_10.diff,Diff,v9547142067,volunteer, DB1, 984
2,2018.12.19.13.38.26, c13a8a50fa5126fe819acf51d309da55_v9547142067_volunteer_50_25.diff,Diff,v9547142067,volunteer, DB1, 2203
2,2018.12.19.13.38.26, c13a8a50fa5126fe819acf51d309da55_v9547142067_volunteer_50_20c1f468797cccf9.png,Map,v9547142067,volunteer, DB1, 58160
2,2018.12.19.13.38.26, c13a8a50fa5126fe819acf51d309da55_v9547142067_volunteer_50_6.diff,Diff,v9547142067,volunteer, DB1, 671
2,2018.12.19.13.38.46, c13a8a50fa5126fe819acf51d309da55_v9547142067_volunteer_50_22711a22b2507850.png,Map,v9547142067,volunteer, DB1, 43256
2,2018.12.19.13.38.46, c13a8a50fa5126fe819acf51d309da55_v9547142067_volunteer_50_820a8aa0fe794562.png,Map,v9547142067,volunteer, DB1, 45354
2,2018.12.19.13.38.46, c13a8a50fa5126fe819acf51d309da55_v9547142067_volunteer_50_24.diff,Diff,v9547142067,volunteer, DB1, 2080
2,2018.12.19.13.38.46, c13a8a50fa5126fe819acf51d309da55_v9547142067_volunteer_50_8931c7fe5c8e5054.jpeg,Image,v9547142067,volunteer, DB1, 302932
2,2018.12.19.13.38.46, c13a8a50fa5126fe819acf51d309da55_v9547142067_volunteer_50_11.diff,Diff,v9547142067,volunteer, DB1, 1038
2,2018.12.19.13.39.07, c13a8a50fa5126fe819acf51d309da55_v9547142067_volunteer_50_42.diff,Diff,v9547142067,volunteer, DB1, 3584
2,2018.12.19.13.39.07, b417d39813a651ab9a82e21c5686edc9_v7876044546_volunteer_50_6.diff,Diff,v7876044546,volunteer, DB1, 683
2,2018.12.19.13.39.07, c13a8a50fa5126fe819acf51d309da55_v9547142067_volunteer_50_1f70cd293966512f.jpeg,Image,v9547142067,volunteer, DB1, 330525
2,2018.12.19.13.39.07, c13a8a50fa5126fe819acf51d309da55_v9547142067_volunteer_50_5.diff,Diff,v9547142067,volunteer, DB1, 572
2,2018.12.19.13.39.07, c13a8a50fa5126fe819acf51d309da55_v9547142067_volunteer_50_4a4dc281b395ddd.png,Map,v9547142067,volunteer, DB1, 44724
2,2018.12.19.13.39.45, b417d39813a651ab9a82e21c5686edc9_v7876044546_volunteer_50_25.diff,Diff,v7876044546,volunteer, DB1, 2583
2,2018.12.19.13.39.45, b417d39813a651ab9a82e21c5686edc9_v7876044546_volunteer_50_18.diff,Diff,v7876044546,volunteer, DB1, 1936
2,2018.12.19.13.39.45, c13a8a50fa5126fe819acf51d309da55_v9547142067_volunteer_50_5964809f148759ab.png,Map,v9547142067,volunteer, DB1, 43310
2,2018.12.19.13.39.45, c13a8a50fa5126fe819acf51d309da55_v9547142067_volunteer_50_92693b620ab8c0d3.png,Map,v9547142067,volunteer, DB1, 65437
2,2018.12.19.13.39.45, b417d39813a651ab9a82e21c5686edc9_v7876044546_volunteer_50_7bea0b71c052a27a.png,Map,v7876044546,volunteer, DB1, 43493
2,2018.12.19.13.40.06, b417d39813a651ab9a82e21c5686edc9_v7876044546_volunteer_50_2.diff,Diff,v7876044546,volunteer, DB1, 370
2,2018.12.19.13.40.06, b417d39813a651ab9a82e21c5686edc9_v7876044546_volunteer_50.bgp,Security,volunteer,..........., DB1, 840
2,2018.12.19.13.40.06, c13a8a50fa5126fe819acf51d309da55_v9547142067_volunteer_50_c8a1d162ddd0352.jpeg,Image,v9547142067,volunteer, DB1, 312075
2,2018.12.19.13.40.06, c13a8a50fa5126fe819acf51d309da55_v9547142067_volunteer_50_30.diff,Diff,v9547142067,volunteer, DB1, 2565
2,2018.12.19.13.40.06, b417d39813a651ab9a82e21c5686edc9_v7876044546_volunteer_50_357d4b88a5c4dc19.jpeg,Image,v7876044546,volunteer, DB1, 172477
2,2018.12.19.13.40.26, c13a8a50fa5126fe819acf51d309da55_v9547142067_volunteer_50_485d71ded100fe92.jpeg,Image,v9547142067,volunteer, DB1, 277629
2,2018.12.19.13.40.26, b417d39813a651ab9a82e21c5686edc9_v7876044546_volunteer_50_24.diff,Diff,v7876044546,volunteer, DB1, 2503
2,2018.12.19.13.40.26, b417d39813a651ab9a82e21c5686edc9_v7876044546_volunteer_50_7cdc544e40785591.jpeg,Image,v7876044546,volunteer, DB1, 227300
2,2018.12.19.13.40.26, b417d39813a651ab9a82e21c5686edc9_v7876044546_volunteer_50_d296c0214afbb546.jpeg,Image,v7876044546,volunteer, DB1, 255716
2,2018.12.19.13.40.29, c13a8a50fa5126fe819acf51d309da55_v9547142067_volunteer_50_816dff3ec3c542db.mp4,Video,v9547142067,volunteer, DB1, 17837968
2,2018.12.19.13.40.58, b417d39813a651ab9a82e21c5686edc9_v7876044546_volunteer_50_8.diff,Diff,v7876044546,volunteer, DB1, 854
2,2018.12.19.13.40.58, c13a8a50fa5126fe819acf51d309da55_v9547142067_volunteer_50_34.diff,Diff,v9547142067,volunteer, DB1, 2871
2,2018.12.19.13.40.58, c13a8a50fa5126fe819acf51d309da55_v9547142067_volunteer_50_562c838e72482549.png,Map,v9547142067,volunteer, DB1, 52629
2,2018.12.19.13.40.58, b417d39813a651ab9a82e21c5686edc9_v7876044546_volunteer_50_13.diff,Diff,v7876044546,volunteer, DB1, 1410
2,2018.12.19.13.40.58, b417d39813a651ab9a82e21c5686edc9_v7876044546_volunteer_50_7.diff,Diff,v7876044546,volunteer, DB1, 742
2,2018.12.19.13.41.03, c13a8a50fa5126fe819acf51d309da55_v9547142067_volunteer_50_15a71a7ff1683568.png,Map,v9547142067,volunteer, DB1, 43507
2,2018.12.19.13.41.03, c13a8a50fa5126fe819acf51d309da55_v9547142067_volunteer_50_16.diff,Diff,v9547142067,volunteer, DB1, 1404
2,2018.12.19.13.41.03, c13a8a50fa5126fe819acf51d309da55_v9547142067_volunteer_50_15.diff,Diff,v9547142067,volunteer, DB1, 1341
2,2018.12.19.13.41.03, c13a8a50fa5126fe819acf51d309da55_v9547142067_volunteer_50_20.diff,Diff,v9547142067,volunteer, DB1, 1771
2,2018.12.19.13.41.03, c13a8a50fa5126fe819acf51d309da55_v9547142067_volunteer_50_14.diff,Diff,v9547142067,volunteer, DB1, 1291
2,2018.12.19.13.41.23, c13a8a50fa5126fe819acf51d309da55_v9547142067_volunteer_50_e79b0f4c6b4e6ec9.png,Map,v9547142067,volunteer, DB1, 51804
2,2018.12.19.13.41.23, b417d39813a651ab9a82e21c5686edc9_v7876044546_volunteer_50_19.diff,Diff,v7876044546,volunteer, DB1, 2009
2,2018.12.19.13.42.19, pub_9582739281.bgp,Security,9582739281,..........., mule-9134839785, 313
2,2018.12.19.13.42.19, MapDisarm_Log_9134839785_20181219133524.txt,Text,9134839785,..........., mule-9134839785, 1007
2,2018.12.19.13.42.19, 60f145a49ff941b9d88462b0f691b8b3_v9582739281_volunteer_50_1.diff,Diff,v9582739281,volunteer, mule-9134839785, 176
2,2018.12.19.13.42.19, 60f145a49ff941b9d88462b0f691b8b3_v9582739281_volunteer_50_f3c1ad4470cb4877.png,Map,v9582739281,volunteer, mule-9134839785, 24928
2,2018.12.19.13.42.19, 60f145a49ff941b9d88462b0f691b8b3_v9582739281_volunteer_50_5.diff,Diff,v9582739281,volunteer, mule-9134839785, 833
2,2018.12.19.13.42.24, 60f145a49ff941b9d88462b0f691b8b3_v9582739281_volunteer_50_1d8c059dbb5687f8.jpeg,Image,v9582739281,volunteer, mule-9134839785, 200866
2,2018.12.19.13.42.24, 60f145a49ff941b9d88462b0f691b8b3_v9582739281_volunteer_50_5dfaaf81ae65dc91.jpeg,Image,v9582739281,volunteer, mule-9134839785, 202885
2,2018.12.19.13.42.24, 60f145a49ff941b9d88462b0f691b8b3_v9582739281_volunteer_50_4.diff,Diff,v9582739281,volunteer, mule-9134839785, 754
2,2018.12.19.13.42.24, 60f145a49ff941b9d88462b0f691b8b3_v9582739281_volunteer_50.bgp,Security,volunteer,..........., mule-9134839785, 524
2,2018.12.19.13.42.24, 60f145a49ff941b9d88462b0f691b8b3_v9582739281_volunteer_50_3.diff,Diff,v9582739281,volunteer, mule-9134839785, 680
2,2018.12.19.13.44.26, pub_9134839785.bgp,Security,9134839785,..........., mule-9134839785, 313
2,2018.12.19.13.44.26, 60f145a49ff941b9d88462b0f691b8b3_v9582739281_volunteer_50_2.diff,Diff,v9582739281,volunteer, mule-9134839785, 291
2,2018.12.19.13.44.26, 60f145a49ff941b9d88462b0f691b8b3_v9582739281_volunteer_50_c6e00fbcd274f89.png,Map,v9582739281,volunteer, mule-9134839785, 23382
2,2018.12.19.13.45.16, MapDisarm_Log_9134839785_20181219134400.txt,Text,9134839785,..........., mule-9134839785, 8339
2,2018.12.19.13.46.37, 159ea1076a920c4b7739633704278e70_v9734791354_volunteer_50_3.diff,Diff,v9734791354,volunteer, 9734791354, 360
2,2018.12.19.13.46.37, 159ea1076a920c4b7739633704278e70_v9734791354_volunteer_50_56.diff,Diff,v9734791354,volunteer, 9734791354, 4744
2,2018.12.19.13.46.37, 159ea1076a920c4b7739633704278e70_v9734791354_volunteer_50_93.diff,Diff,v9734791354,volunteer, 9734791354, 7971
2,2018.12.19.13.46.37, 159ea1076a920c4b7739633704278e70_v9734791354_volunteer_50_66.diff,Diff,v9734791354,volunteer, 9734791354, 5543
2,2018.12.19.13.46.38, MapDisarm_Log_9734791354_20181219134210.txt,Text,9734791354,..........., 9734791354, 1360768
3,2018.12.19.14.25.37, a7f810b5cc1e10cb3c162bc99f1cc17b_v9678961360_volunteer_50_25.diff,Diff,v9678961360,volunteer, DB2, 2391
3,2018.12.19.14.25.42, ff73195fa2b02d8a0a735ea7136d230c_v9732475291_volunteer_50_32.diff,Diff,v9732475291,volunteer, DB2, 2051
3,2018.12.19.14.25.42, d7ea7f12e16288178f7d81175f4353e8_v7583967304_volunteer_50_a892d2e8a99c03b1.jpeg,Image,v7583967304,volunteer, DB2, 245641
3,2018.12.19.14.25.42, d7ea7f12e16288178f7d81175f4353e8_v7583967304_volunteer_50_77.diff,Diff,v7583967304,volunteer, DB2, 4662
3,2018.12.19.14.25.42, d7ea7f12e16288178f7d81175f4353e8_v7583967304_volunteer_50_52.diff,Diff,v7583967304,volunteer, DB2, 3341
3,2018.12.19.14.27.26, d7ea7f12e16288178f7d81175f4353e8_v7583967304_volunteer_50_83.diff,Diff,v7583967304,volunteer, 9678961360, 5010
3,2018.12.19.14.27.26, ff73195fa2b02d8a0a735ea7136d230c_v9732475291_volunteer_50_b9f452e37df580d0.jpeg,Image,v9732475291,volunteer, 9678961360, 322407
3,2018.12.19.14.27.26, d7ea7f12e16288178f7d81175f4353e8_v7583967304_volunteer_50_31.diff,Diff,v7583967304,volunteer, 9678961360, 2166
3,2018.12.19.14.27.27, ff73195fa2b02d8a0a735ea7136d230c_v9732475291_volunteer_50_62167d206a776ef5.jpeg,Image,v9732475291,volunteer, 9678961360, 304334
3,2018.12.19.14.28.05, d7ea7f12e16288178f7d81175f4353e8_v7583967304_volunteer_50_68.diff,Diff,v7583967304,volunteer, 9678961360, 4190
3,2018.12.19.14.28.05, d7ea7f12e16288178f7d81175f4353e8_v7583967304_volunteer_50_55.diff,Diff,v7583967304,volunteer, 9678961360, 3519
3,2018.12.19.14.28.05, d7ea7f12e16288178f7d81175f4353e8_v7583967304_volunteer_50_62a7e73f5721b179.jpeg,Image,v7583967304,volunteer, 9678961360, 256662
3,2018.12.19.14.28.05, a7f810b5cc1e10cb3c162bc99f1cc17b_v9678961360_volunteer_50_36293ebab90e79f.jpeg,Image,v9678961360,volunteer, 9678961360, 249166
3,2018.12.19.14.28.14, cd7832219f1daf3945e8c6d6275124a8_v7384656641_volunteer_50_17.diff,Diff,v7384656641,volunteer, 7384656641, 1403
3,2018.12.19.14.28.14, d7ea7f12e16288178f7d81175f4353e8_v7583967304_volunteer_50_17.diff,Diff,v7583967304,volunteer, 7384656641, 1401
3,2018.12.19.14.28.14, a7f810b5cc1e10cb3c162bc99f1cc17b_v9678961360_volunteer_50_2d12e72b16a6b001.png,Map,v9678961360,volunteer, 7384656641, 38492
3,2018.12.19.14.28.14, ff73195fa2b02d8a0a735ea7136d230c_v9732475291_volunteer_50_4316d86500c15a7f.jpeg,Image,v9732475291,volunteer, 7384656641, 272473
3,2018.12.19.14.47.09, cd7832219f1daf3945e8c6d6275124a8_v7384656641_volunteer_50.bgp,Security,volunteer,..........., DB2, 508
3,2018.12.19.14.47.09, d7ea7f12e16288178f7d81175f4353e8_v7583967304_volunteer_50_12.diff,Diff,v7583967304,volunteer, DB2, 1085
3,2018.12.19.14.47.10, cd7832219f1daf3945e8c6d6275124a8_v7384656641_volunteer_50_b8fa26e0c0201d91.jpeg,Image,v7384656641,volunteer, DB2, 243973
3,2018.12.19.14.47.10, d7ea7f12e16288178f7d81175f4353e8_v7583967304_volunteer_50_29.diff,Diff,v7583967304,volunteer, DB2, 2049
3,2018.12.19.14.47.10, ff73195fa2b02d8a0a735ea7136d230c_v9732475291_volunteer_50_14.diff,Diff,v9732475291,volunteer, DB2, 1032
4,2018.12.19.15.21.08, 159ea1076a920c4b7739633704278e70_v9734791354_volunteer_50_76.diff,Diff,v9734791354,volunteer, DB1, 6561
4,2018.12.19.15.21.08, a102b58fdcf630ef8ce31dcd9761d069_v9547142067_volunteer_50_2.diff,Diff,v9547142067,volunteer, DB1, 288
4,2018.12.19.15.21.08, 159ea1076a920c4b7739633704278e70_v9734791354_volunteer_50_83.diff,Diff,v9734791354,volunteer, DB1, 7087
4,2018.12.19.15.21.08, MapDisarm_Log_7876044546_20181219144205.txt,Text,7876044546,..........., DB1, 710901
4,2018.12.19.15.21.08, MapDisarm_Log_7583967304_20161225182710.txt,Text,7583967304,..........., DB1, 644020
